created_at,id_str,conversation_id_str,full_text,lang,favorited,retweeted,retweet_count,favorite_count,reply_count,quote_count,quoted_status_id_str,quoted_status_short_url,quoted_status_expand_url,user_id_str,user_name,user_full_name,user_verified,in_reply_to_status_id_str,in_reply_to_user_id_str,hashtags,mentions,urls,media
2022-06-01T16:25:53+00:00,1532035718675038208,1532035718675038208,"🐳  云髻峨峨,修眉联娟 .  🐾  #极品  #美女  #抖音直播  #抖音风  #反差  #热舞 https://t.co/zjx956C8ED",zh,False,False,0,2,0,0,,,,1296081896204570624,khateek_kuldeep,楚妖娆🐈‍⬛,False,,,"#极品 , #美女 , #抖音直播 , #抖音风 , #反差 , #热舞",,,"[{""url"": ""https://pbs.twimg.com/ext_tw_video_thumb/1532035644821741568/pu/img/ykNRV00Q_X8rnKpP.jpg"", ""type"": ""photo""}]"
2022-06-01T15:56:10+00:00,1532028237890498560,1532028237890498560,♎️  我有太多浪漫都想在你身上施展.  🥰  #精彩  #抖音   #剪辑 #凸點  #抖音风  #御姐  #热舞 https://t.co/YEboMtotMc,ja,False,False,0,3,0,0,,,,1308248187220631552,MandaniVishal1,🌸纱星爱💕,False,,,"#精彩 , #抖音 , #剪辑 , #凸點 , #抖音风 , #御姐 , #热舞",,,"[{""url"": ""https://pbs.twimg.com/ext_tw_video_thumb/1532028160904003584/pu/img/MrPvA8hqbUGLaS2S.jpg"", ""type"": ""photo""}]"
2022-06-01T15:43:30+00:00,1532025050013917184,1532025050013917184,"抖音录屏，直播闪现（上下都没穿😍）
#抄底 #抖音风 #街拍 #走光 #漏点 
更多视频更新在电报群
视频交流群地址👉https://t.co/SHbiSgwPWI https://t.co/iGJ34DmC9u",zh,False,False,2,12,0,0,,,,1502625201896386568,pengsen8,抖音直播录屏，直播闪现，快手直播,False,,,"#抄底 , #抖音风 , #街拍 , #走光 , #漏点",,https://t.co/SHbiSgwPWI,"[{""url"": ""https://pbs.twimg.com/ext_tw_video_thumb/1532022742232334336/pu/img/46UkPyiP32piv-19.jpg"", ""type"": ""photo""}]"
2022-06-01T12:21:05+00:00,1531974111831916545,1531974111831916545,🔔   你的余生能否多给我点戏份.  🥰  #精选  #女神  #尤物  #抖音风  #主播  #直播闪现 https://t.co/yy2AqZySox,zh,False,False,0,2,0,0,,,,1221068645092098049,TenderPeach97,🍑蜜桃夭夭💦,False,,,"#精选 , #女神 , #尤物 , #抖音风 , #主播 , #直播闪现",,,"[{""url"": ""https://pbs.twimg.com/ext_tw_video_thumb/1531974042948861952/pu/img/JiG7okHOyU3Xj2e6.jpg"", ""type"": ""photo""}]"
2022-06-01T07:41:57+00:00,1531903864500150272,1531903864500150272,"抖音录屏，直播闪现
#抄底 #抖音风 #街拍 #走光 #漏点 
更多视频更新在电报群
视频交流群地址👉https://t.co/SHbiSgwPWI https://t.co/MaNk0jEweF",zh,False,False,5,13,0,0,,,,1502625201896386568,pengsen8,抖音直播录屏，直播闪现，快手直播,False,,,"#抄底 , #抖音风 , #街拍 , #走光 , #漏点",,https://t.co/SHbiSgwPWI,"[{""url"": ""https://pbs.twimg.com/ext_tw_video_thumb/1531902646910472192/pu/img/khsByTD8s-SgZqIN.jpg"", ""type"": ""photo""}]"
2022-06-01T05:33:30+00:00,1531871538680504320,1531871538680504320,"#抖音风 #裸舞 
皮皮娘 私人玩物 玩具酱 岁酱
三寸萝莉 桃桃酱 萌白酱
狗头萝莉啪啪  八月未央 YUI酱 许愿
小鸟酱
芋喵喵 小鹿酱 小蔡头 浆果儿 yui妹 
软萌萝莉小仙 麻酥酥 青木小荷
草莓味软糖 
FSS冯珊珊 neko酱 
幼齿喵酱
 仙仙桃
 又又酱
粉色情人
抖娘利世
福利全集主页找我 https://t.co/rSw5J4Tk8G",zh,False,False,0,0,0,0,,,,1482870067905839112,kaiwanxiaoa1,🍉姐,False,,,"#抖音风 , #裸舞",,,"[{""url"": ""https://pbs.twimg.com/media/FUJNCaTUYAUFdMt.jpg"", ""type"": ""photo""}]"
2022-06-01T05:10:43+00:00,1531865805146976256,1531865805146976256,"#抖音风 #裸舞 
皮皮娘 私人玩物 玩具酱 岁酱
三寸萝莉 桃桃酱 萌白酱
狗头萝莉啪啪  八月未央 YUI酱 许愿
小鸟酱
芋喵喵 小鹿酱 小蔡头 浆果儿 yui妹 
软萌萝莉小仙 麻酥酥 青木小荷
草莓味软糖 
FSS冯珊珊 neko酱 
幼齿喵酱
 仙仙桃
 又又酱
粉色情人
抖娘利世
福利全集主页找我 https://t.co/kzbHHR8n1o",zh,False,False,0,0,0,0,,,,1480067419523600384,shijiefuli1,世界福利,False,,,"#抖音风 , #裸舞",,,"[{""url"": ""https://pbs.twimg.com/media/FUJH1LzaMAEbD4H.jpg"", ""type"": ""photo""}]"
2022-06-01T16:25:53+00:00,1532035718675038208,1532035718675038208,"🐳  云髻峨峨,修眉联娟 .  🐾  #极品  #美女  #抖音直播  #抖音风  #反差  #热舞 https://t.co/zjx956C8ED",zh,False,False,0,2,0,0,,,,1296081896204570624,khateek_kuldeep,楚妖娆🐈‍⬛,False,,,"#极品 , #美女 , #抖音直播 , #抖音风 , #反差 , #热舞",,,"[{""url"": ""https://pbs.twimg.com/ext_tw_video_thumb/1532035644821741568/pu/img/ykNRV00Q_X8rnKpP.jpg"", ""type"": ""photo""}]"
2022-06-01T15:56:10+00:00,1532028237890498560,1532028237890498560,♎️  我有太多浪漫都想在你身上施展.  🥰  #精彩  #抖音   #剪辑 #凸點  #抖音风  #御姐  #热舞 https://t.co/YEboMtotMc,ja,False,False,0,3,0,0,,,,1308248187220631552,MandaniVishal1,🌸纱星爱💕,False,,,"#精彩 , #抖音 , #剪辑 , #凸點 , #抖音风 , #御姐 , #热舞",,,"[{""url"": ""https://pbs.twimg.com/ext_tw_video_thumb/1532028160904003584/pu/img/MrPvA8hqbUGLaS2S.jpg"", ""type"": ""photo""}]"
2022-06-01T15:43:30+00:00,1532025050013917184,1532025050013917184,"抖音录屏，直播闪现（上下都没穿😍）
#抄底 #抖音风 #街拍 #走光 #漏点 
更多视频更新在电报群
视频交流群地址👉https://t.co/SHbiSgwPWI https://t.co/iGJ34DmC9u",zh,False,False,2,12,0,0,,,,1502625201896386568,pengsen8,抖音直播录屏，直播闪现，快手直播,False,,,"#抄底 , #抖音风 , #街拍 , #走光 , #漏点",,https://t.co/SHbiSgwPWI,"[{""url"": ""https://pbs.twimg.com/ext_tw_video_thumb/1532022742232334336/pu/img/46UkPyiP32piv-19.jpg"", ""type"": ""photo""}]"
2022-06-01T12:21:05+00:00,1531974111831916545,1531974111831916545,🔔   你的余生能否多给我点戏份.  🥰  #精选  #女神  #尤物  #抖音风  #主播  #直播闪现 https://t.co/yy2AqZySox,zh,False,False,0,2,0,0,,,,1221068645092098049,TenderPeach97,🍑蜜桃夭夭💦,False,,,"#精选 , #女神 , #尤物 , #抖音风 , #主播 , #直播闪现",,,"[{""url"": ""https://pbs.twimg.com/ext_tw_video_thumb/1531974042948861952/pu/img/JiG7okHOyU3Xj2e6.jpg"", ""type"": ""photo""}]"
2022-06-01T07:41:57+00:00,1531903864500150272,1531903864500150272,"抖音录屏，直播闪现
#抄底 #抖音风 #街拍 #走光 #漏点 
更多视频更新在电报群
视频交流群地址👉https://t.co/SHbiSgwPWI https://t.co/MaNk0jEweF",zh,False,False,5,13,0,0,,,,1502625201896386568,pengsen8,抖音直播录屏，直播闪现，快手直播,False,,,"#抄底 , #抖音风 , #街拍 , #走光 , #漏点",,https://t.co/SHbiSgwPWI,"[{""url"": ""https://pbs.twimg.com/ext_tw_video_thumb/1531902646910472192/pu/img/khsByTD8s-SgZqIN.jpg"", ""type"": ""photo""}]"
2022-06-01T05:33:30+00:00,1531871538680504320,1531871538680504320,"#抖音风 #裸舞 
皮皮娘 私人玩物 玩具酱 岁酱
三寸萝莉 桃桃酱 萌白酱
狗头萝莉啪啪  八月未央 YUI酱 许愿
小鸟酱
芋喵喵 小鹿酱 小蔡头 浆果儿 yui妹 
软萌萝莉小仙 麻酥酥 青木小荷
草莓味软糖 
FSS冯珊珊 neko酱 
幼齿喵酱
 仙仙桃
 又又酱
粉色情人
抖娘利世
福利全集主页找我 https://t.co/rSw5J4Tk8G",zh,False,False,0,0,0,0,,,,1482870067905839112,kaiwanxiaoa1,🍉姐,False,,,"#抖音风 , #裸舞",,,"[{""url"": ""https://pbs.twimg.com/media/FUJNCaTUYAUFdMt.jpg"", ""type"": ""photo""}]"
2022-06-01T05:10:43+00:00,1531865805146976256,1531865805146976256,"#抖音风 #裸舞 
皮皮娘 私人玩物 玩具酱 岁酱
三寸萝莉 桃桃酱 萌白酱
狗头萝莉啪啪  八月未央 YUI酱 许愿
小鸟酱
芋喵喵 小鹿酱 小蔡头 浆果儿 yui妹 
软萌萝莉小仙 麻酥酥 青木小荷
草莓味软糖 
FSS冯珊珊 neko酱 
幼齿喵酱
 仙仙桃
 又又酱
粉色情人
抖娘利世
福利全集主页找我 https://t.co/kzbHHR8n1o",zh,False,False,0,0,0,0,,,,1480067419523600384,shijiefuli1,世界福利,False,,,"#抖音风 , #裸舞",,,"[{""url"": ""https://pbs.twimg.com/media/FUJH1LzaMAEbD4H.jpg"", ""type"": ""photo""}]"
2022-06-01T16:25:53+00:00,1532035718675038208,1532035718675038208,"🐳  云髻峨峨,修眉联娟 .  🐾  #极品  #美女  #抖音直播  #抖音风  #反差  #热舞 https://t.co/zjx956C8ED",zh,False,False,0,2,0,0,,,,1296081896204570624,khateek_kuldeep,楚妖娆🐈‍⬛,False,,,"#极品 , #美女 , #抖音直播 , #抖音风 , #反差 , #热舞",,,"[{""url"": ""https://pbs.twimg.com/ext_tw_video_thumb/1532035644821741568/pu/img/ykNRV00Q_X8rnKpP.jpg"", ""type"": ""photo""}]"
2022-06-01T15:56:10+00:00,1532028237890498560,1532028237890498560,♎️  我有太多浪漫都想在你身上施展.  🥰  #精彩  #抖音   #剪辑 #凸點  #抖音风  #御姐  #热舞 https://t.co/YEboMtotMc,ja,False,False,0,3,0,0,,,,1308248187220631552,MandaniVishal1,🌸纱星爱💕,False,,,"#精彩 , #抖音 , #剪辑 , #凸點 , #抖音风 , #御姐 , #热舞",,,"[{""url"": ""https://pbs.twimg.com/ext_tw_video_thumb/1532028160904003584/pu/img/MrPvA8hqbUGLaS2S.jpg"", ""type"": ""photo""}]"
2022-06-01T15:43:30+00:00,1532025050013917184,1532025050013917184,"抖音录屏，直播闪现（上下都没穿😍）
#抄底 #抖音风 #街拍 #走光 #漏点 
更多视频更新在电报群
视频交流群地址👉https://t.co/SHbiSgwPWI https://t.co/iGJ34DmC9u",zh,False,False,2,12,0,0,,,,1502625201896386568,pengsen8,抖音直播录屏，直播闪现，快手直播,False,,,"#抄底 , #抖音风 , #街拍 , #走光 , #漏点",,https://t.co/SHbiSgwPWI,"[{""url"": ""https://pbs.twimg.com/ext_tw_video_thumb/1532022742232334336/pu/img/46UkPyiP32piv-19.jpg"", ""type"": ""photo""}]"
2022-06-01T12:21:05+00:00,1531974111831916545,1531974111831916545,🔔   你的余生能否多给我点戏份.  🥰  #精选  #女神  #尤物  #抖音风  #主播  #直播闪现 https://t.co/yy2AqZySox,zh,False,False,0,2,0,0,,,,1221068645092098049,TenderPeach97,🍑蜜桃夭夭💦,False,,,"#精选 , #女神 , #尤物 , #抖音风 , #主播 , #直播闪现",,,"[{""url"": ""https://pbs.twimg.com/ext_tw_video_thumb/1531974042948861952/pu/img/JiG7okHOyU3Xj2e6.jpg"", ""type"": ""photo""}]"
2022-06-01T07:41:57+00:00,1531903864500150272,1531903864500150272,"抖音录屏，直播闪现
#抄底 #抖音风 #街拍 #走光 #漏点 
更多视频更新在电报群
视频交流群地址👉https://t.co/SHbiSgwPWI https://t.co/MaNk0jEweF",zh,False,False,5,13,0,0,,,,1502625201896386568,pengsen8,抖音直播录屏，直播闪现，快手直播,False,,,"#抄底 , #抖音风 , #街拍 , #走光 , #漏点",,https://t.co/SHbiSgwPWI,"[{""url"": ""https://pbs.twimg.com/ext_tw_video_thumb/1531902646910472192/pu/img/khsByTD8s-SgZqIN.jpg"", ""type"": ""photo""}]"
2022-06-01T05:33:30+00:00,1531871538680504320,1531871538680504320,"#抖音风 #裸舞 
皮皮娘 私人玩物 玩具酱 岁酱
三寸萝莉 桃桃酱 萌白酱
狗头萝莉啪啪  八月未央 YUI酱 许愿
小鸟酱
芋喵喵 小鹿酱 小蔡头 浆果儿 yui妹 
软萌萝莉小仙 麻酥酥 青木小荷
草莓味软糖 
FSS冯珊珊 neko酱 
幼齿喵酱
 仙仙桃
 又又酱
粉色情人
抖娘利世
福利全集主页找我 https://t.co/rSw5J4Tk8G",zh,False,False,0,0,0,0,,,,1482870067905839112,kaiwanxiaoa1,🍉姐,False,,,"#抖音风 , #裸舞",,,"[{""url"": ""https://pbs.twimg.com/media/FUJNCaTUYAUFdMt.jpg"", ""type"": ""photo""}]"
2022-06-01T05:10:43+00:00,1531865805146976256,1531865805146976256,"#抖音风 #裸舞 
皮皮娘 私人玩物 玩具酱 岁酱
三寸萝莉 桃桃酱 萌白酱
狗头萝莉啪啪  八月未央 YUI酱 许愿
小鸟酱
芋喵喵 小鹿酱 小蔡头 浆果儿 yui妹 
软萌萝莉小仙 麻酥酥 青木小荷
草莓味软糖 
FSS冯珊珊 neko酱 
幼齿喵酱
 仙仙桃
 又又酱
粉色情人
抖娘利世
福利全集主页找我 https://t.co/kzbHHR8n1o",zh,False,False,0,0,0,0,,,,1480067419523600384,shijiefuli1,世界福利,False,,,"#抖音风 , #裸舞",,,"[{""url"": ""https://pbs.twimg.com/media/FUJH1LzaMAEbD4H.jpg"", ""type"": ""photo""}]"
2022-06-01T16:25:53+00:00,1532035718675038208,1532035718675038208,"🐳  云髻峨峨,修眉联娟 .  🐾  #极品  #美女  #抖音直播  #抖音风  #反差  #热舞 https://t.co/zjx956C8ED",zh,False,False,0,2,0,0,,,,1296081896204570624,khateek_kuldeep,楚妖娆🐈‍⬛,False,,,"#极品 , #美女 , #抖音直播 , #抖音风 , #反差 , #热舞",,,"[{""url"": ""https://pbs.twimg.com/ext_tw_video_thumb/1532035644821741568/pu/img/ykNRV00Q_X8rnKpP.jpg"", ""type"": ""photo""}]"
2022-06-01T15:56:10+00:00,1532028237890498560,1532028237890498560,♎️  我有太多浪漫都想在你身上施展.  🥰  #精彩  #抖音   #剪辑 #凸點  #抖音风  #御姐  #热舞 https://t.co/YEboMtotMc,ja,False,False,0,3,0,0,,,,1308248187220631552,MandaniVishal1,🌸纱星爱💕,False,,,"#精彩 , #抖音 , #剪辑 , #凸點 , #抖音风 , #御姐 , #热舞",,,"[{""url"": ""https://pbs.twimg.com/ext_tw_video_thumb/1532028160904003584/pu/img/MrPvA8hqbUGLaS2S.jpg"", ""type"": ""photo""}]"
2022-06-01T15:43:30+00:00,1532025050013917184,1532025050013917184,"抖音录屏，直播闪现（上下都没穿😍）
#抄底 #抖音风 #街拍 #走光 #漏点 
更多视频更新在电报群
视频交流群地址👉https://t.co/SHbiSgwPWI https://t.co/iGJ34DmC9u",zh,False,False,2,12,0,0,,,,1502625201896386568,pengsen8,抖音直播录屏，直播闪现，快手直播,False,,,"#抄底 , #抖音风 , #街拍 , #走光 , #漏点",,https://t.co/SHbiSgwPWI,"[{""url"": ""https://pbs.twimg.com/ext_tw_video_thumb/1532022742232334336/pu/img/46UkPyiP32piv-19.jpg"", ""type"": ""photo""}]"
2022-06-01T12:21:05+00:00,1531974111831916545,1531974111831916545,🔔   你的余生能否多给我点戏份.  🥰  #精选  #女神  #尤物  #抖音风  #主播  #直播闪现 https://t.co/yy2AqZySox,zh,False,False,0,2,0,0,,,,1221068645092098049,TenderPeach97,🍑蜜桃夭夭💦,False,,,"#精选 , #女神 , #尤物 , #抖音风 , #主播 , #直播闪现",,,"[{""url"": ""https://pbs.twimg.com/ext_tw_video_thumb/1531974042948861952/pu/img/JiG7okHOyU3Xj2e6.jpg"", ""type"": ""photo""}]"
2022-06-01T07:41:57+00:00,1531903864500150272,1531903864500150272,"抖音录屏，直播闪现
#抄底 #抖音风 #街拍 #走光 #漏点 
更多视频更新在电报群
视频交流群地址👉https://t.co/SHbiSgwPWI https://t.co/MaNk0jEweF",zh,False,False,5,13,0,0,,,,1502625201896386568,pengsen8,抖音直播录屏，直播闪现，快手直播,False,,,"#抄底 , #抖音风 , #街拍 , #走光 , #漏点",,https://t.co/SHbiSgwPWI,"[{""url"": ""https://pbs.twimg.com/ext_tw_video_thumb/1531902646910472192/pu/img/khsByTD8s-SgZqIN.jpg"", ""type"": ""photo""}]"
2022-06-01T05:33:30+00:00,1531871538680504320,1531871538680504320,"#抖音风 #裸舞 
皮皮娘 私人玩物 玩具酱 岁酱
三寸萝莉 桃桃酱 萌白酱
狗头萝莉啪啪  八月未央 YUI酱 许愿
小鸟酱
芋喵喵 小鹿酱 小蔡头 浆果儿 yui妹 
软萌萝莉小仙 麻酥酥 青木小荷
草莓味软糖 
FSS冯珊珊 neko酱 
幼齿喵酱
 仙仙桃
 又又酱
粉色情人
抖娘利世
福利全集主页找我 https://t.co/rSw5J4Tk8G",zh,False,False,0,0,0,0,,,,1482870067905839112,kaiwanxiaoa1,🍉姐,False,,,"#抖音风 , #裸舞",,,"[{""url"": ""https://pbs.twimg.com/media/FUJNCaTUYAUFdMt.jpg"", ""type"": ""photo""}]"
2022-06-01T05:10:43+00:00,1531865805146976256,1531865805146976256,"#抖音风 #裸舞 
皮皮娘 私人玩物 玩具酱 岁酱
三寸萝莉 桃桃酱 萌白酱
狗头萝莉啪啪  八月未央 YUI酱 许愿
小鸟酱
芋喵喵 小鹿酱 小蔡头 浆果儿 yui妹 
软萌萝莉小仙 麻酥酥 青木小荷
草莓味软糖 
FSS冯珊珊 neko酱 
幼齿喵酱
 仙仙桃
 又又酱
粉色情人
抖娘利世
福利全集主页找我 https://t.co/kzbHHR8n1o",zh,False,False,0,0,0,0,,,,1480067419523600384,shijiefuli1,世界福利,False,,,"#抖音风 , #裸舞",,,"[{""url"": ""https://pbs.twimg.com/media/FUJH1LzaMAEbD4H.jpg"", ""type"": ""photo""}]"
